time,tag,tr,flag,tell
2024-11-03 16:28:52.176936,mt,,,start
2024-11-03 16:28:53.155767,ct,,omission error,f6
2024-11-03 16:28:53.960159,ct,,omission error,f6
2024-11-03 16:28:54.861766,click,,,f2
2024-11-03 16:28:54.761189,ct,0.901607,correct comission,f2
2024-11-03 16:28:55.711935,click,,,f2
2024-11-03 16:28:55.563475,ct,0.950746,correct comission,f2
2024-11-03 16:28:56.450355,click,,,f2
2024-11-03 16:28:56.363512,ct,0.88688,correct comission,f2
2024-11-03 16:28:57.164967,click,,,f2
2024-11-03 16:28:57.165508,ct,0.801455,correct comission,f2
2024-11-03 16:28:57.919100,click,,,f2
2024-11-03 16:28:57.969539,ct,0.753592,correct comission,f2
2024-11-03 16:28:58.803211,click,,,f2
2024-11-03 16:28:58.780197,ct,0.833672,correct comission,f2
2024-11-03 16:28:59.583903,click,,,f2
2024-11-03 16:28:59.584577,ct,0.803706,correct comission,f2
2024-11-03 16:29:00.396939,ct,,omission error,f6
2024-11-03 16:29:01.020928,click,,,f2
2024-11-03 16:29:01.197163,ct,0.623989,correct comission,f2
2024-11-03 16:29:01.755192,click,,,f3
2024-11-03 16:29:02.001955,ct,0.558029,correct comission,f3
2024-11-03 16:29:02.704082,click,,,f2
2024-11-03 16:29:02.804881,ct,0.702127,correct comission,f2
2024-11-03 16:29:03.519733,click,,,f2
2024-11-03 16:29:03.605499,ct,0.714852,correct comission,f2
2024-11-03 16:29:04.509611,click,,,f4
2024-11-03 16:29:04.411062,mt,0.904112,comission error,f4
2024-11-03 16:29:05.208177,ct,,omission error,f6
2024-11-03 16:29:05.837968,click,,,f2
2024-11-03 16:29:06.007606,ct,0.629791,correct comission,f2
2024-11-03 16:29:06.895043,click,,,f2
2024-11-03 16:29:06.805669,ct,0.887437,correct comission,f2
2024-11-03 16:29:07.680559,click,,,f2
2024-11-03 16:29:07.604038,ct,0.87489,correct comission,f2
2024-11-03 16:29:08.467610,click,,,f4
2024-11-03 16:29:08.412180,mt,0.863572,comission error,f4
2024-11-03 16:29:09.216554,ct,,omission error,f6
2024-11-03 16:29:09.615875,click,,,f3
2024-11-03 16:29:10.032411,ct,0.399321,correct comission,f3
2024-11-03 16:29:10.866087,click,,,f2
2024-11-03 16:29:10.841038,ct,0.833676,correct comission,f2
2024-11-03 16:29:11.648974,click,,,f2
2024-11-03 16:29:11.649624,ct,0.807936,correct comission,f2
2024-11-03 16:29:12.421410,click,,,f2
2024-11-03 16:29:12.464726,ct,0.771786,correct comission,f2
2024-11-03 16:29:13.263115,click,,,f2
2024-11-03 16:29:13.263834,ct,0.798389,correct comission,f2
2024-11-03 16:29:14.160227,click,,,f2
2024-11-03 16:29:14.084956,ct,0.896393,correct comission,f2
2024-11-03 16:29:14.889445,ct,,omission error,f6
2024-11-03 16:29:15.633993,click,,,f4
2024-11-03 16:29:15.698697,mt,0.744548,comission error,f4
2024-11-03 16:29:16.509843,ct,,omission error,f6
2024-11-03 16:29:17.491770,click,,,f2
2024-11-03 16:29:17.321282,ct,0.981927,correct comission,f2
2024-11-03 16:29:18.354134,click,,,f2
2024-11-03 16:29:18.131292,ct,1.032852,correct comission,f2
2024-11-03 16:29:19.027090,click,,,f2
2024-11-03 16:29:18.930562,ct,0.895798,correct comission,f2
2024-11-03 16:29:19.842496,click,,,f2
2024-11-03 16:29:19.745524,ct,0.911934,correct comission,f2
2024-11-03 16:29:20.591865,click,,,f2
2024-11-03 16:29:20.547618,ct,0.846341,correct comission,f2
2024-11-03 16:29:21.436159,click,,,f2
2024-11-03 16:29:21.359249,ct,0.888541,correct comission,f2
2024-11-03 16:29:22.181991,click,,,f2
2024-11-03 16:29:22.158211,ct,0.822742,correct comission,f2
2024-11-03 16:29:23.020604,click,,,f2
2024-11-03 16:29:22.965088,ct,0.862393,correct comission,f2
2024-11-03 16:29:23.777690,click,,,f2
2024-11-03 16:29:23.765236,ct,0.812602,correct comission,f2
2024-11-03 16:29:24.574911,click,,,f2
2024-11-03 16:29:24.562841,ct,0.809675,correct comission,f2
2024-11-03 16:29:25.374991,click,,,f2
2024-11-03 16:29:25.363251,ct,0.81215,correct comission,f2
2024-11-03 16:29:26.207840,click,,,f2
2024-11-03 16:29:26.163894,ct,0.844589,correct comission,f2
2024-11-03 16:29:27.007998,click,,,f2
2024-11-03 16:29:26.967704,ct,0.844104,correct comission,f2
2024-11-03 16:29:28.069472,click,,,f2
2024-11-03 16:29:27.769819,ct,1.101768,correct comission,f2
2024-11-03 16:29:28.671914,click,,,f2
2024-11-03 16:29:28.573644,ct,0.902095,correct comission,f2
2024-11-03 16:29:29.414795,click,,,f2
2024-11-03 16:29:29.371043,ct,0.841151,correct comission,f2
2024-11-03 16:29:30.148072,click,,,f4
2024-11-03 16:29:30.175522,mt,0.777029,comission error,f4
2024-11-03 16:29:30.984293,ct,,omission error,f6
2024-11-03 16:29:31.745769,click,,,f4
2024-11-03 16:29:31.782520,mt,0.761476,comission error,f4
2024-11-03 16:29:32.584420,ct,,omission error,f6
2024-11-03 16:29:33.272685,click,,,f2
2024-11-03 16:29:33.396035,ct,0.688265,correct comission,f2
2024-11-03 16:29:34.247932,click,,,f2
2024-11-03 16:29:34.192995,ct,0.851897,correct comission,f2
2024-11-03 16:29:35.253077,click,,,f2
2024-11-03 16:29:35.003208,ct,1.060082,correct comission,f2
2024-11-03 16:29:36.020108,click,,,f2
2024-11-03 16:29:35.807193,ct,1.0169,correct comission,f2
2024-11-03 16:29:36.607557,ct,,omission error,f6
2024-11-03 16:29:37.123524,click,,,f3
2024-11-03 16:29:37.416307,ct,0.515967,correct comission,f3
2024-11-03 16:29:37.763648,click,,,f3
2024-11-03 16:29:38.217710,ct,0.347341,correct comission,f3
2024-11-03 16:29:39.021407,ct,,omission error,f6
2024-11-03 16:29:39.921429,click,,,f2
2024-11-03 16:29:39.821829,ct,0.900022,correct comission,f2
2024-11-03 16:29:40.637604,ct,,omission error,f6
2024-11-03 16:29:41.216621,click,,,f2
2024-11-03 16:29:41.435688,ct,0.579017,correct comission,f2
2024-11-03 16:29:42.018007,click,,,f2
2024-11-03 16:29:42.241141,ct,0.582319,correct comission,f2
2024-11-03 16:29:42.773710,click,,,f3
2024-11-03 16:29:43.046013,ct,0.532569,correct comission,f3
2024-11-03 16:29:43.684934,click,,,f2
2024-11-03 16:29:43.849975,ct,0.638921,correct comission,f2
2024-11-03 16:29:44.452674,click,,,f4
2024-11-03 16:29:44.653959,mt,0.602699,comission error,f4
2024-11-03 16:29:45.289309,click,,,f2
2024-11-03 16:29:45.458614,ct,0.63535,correct comission,f2
2024-11-03 16:29:46.228632,click,,,f2
2024-11-03 16:29:46.269187,ct,0.770018,correct comission,f2
2024-11-03 16:29:47.026581,click,,,f2
2024-11-03 16:29:47.069277,ct,0.757394,correct comission,f2
2024-11-03 16:29:47.752812,click,,,f2
2024-11-03 16:29:47.876925,ct,0.683535,correct comission,f2
2024-11-03 16:29:48.822775,click,,,f2
2024-11-03 16:29:48.673778,ct,0.94585,correct comission,f2
2024-11-03 16:29:49.684162,click,,,f2
2024-11-03 16:29:49.483941,ct,1.010384,correct comission,f2
2024-11-03 16:29:50.547515,click,,,f2
2024-11-03 16:29:50.280997,ct,1.063574,correct comission,f2
2024-11-03 16:29:51.076723,click,,,f2
2024-11-03 16:29:51.086139,ct,0.795726,correct comission,f2
2024-11-03 16:29:52.056260,click,,,f4
2024-11-03 16:29:51.887664,mt,0.970121,comission error,f4
2024-11-03 16:29:52.627034,click,,,f2
2024-11-03 16:29:52.690524,ct,0.73937,correct comission,f2
2024-11-03 16:29:53.581963,click,,,f2
2024-11-03 16:29:53.494223,ct,0.891439,correct comission,f2
2024-11-03 16:29:54.521077,click,,,f2
2024-11-03 16:29:54.309591,ct,1.026854,correct comission,f2
2024-11-03 16:29:55.303929,click,,,f2
2024-11-03 16:29:55.108284,ct,0.994338,correct comission,f2
2024-11-03 16:29:56.057229,click,,,f2
2024-11-03 16:29:55.918728,ct,0.948945,correct comission,f2
2024-11-03 16:29:56.920206,click,,,f2
2024-11-03 16:29:56.719477,ct,1.001478,correct comission,f2
2024-11-03 16:29:57.672192,click,,,f2
2024-11-03 16:29:57.521925,ct,0.952715,correct comission,f2
2024-11-03 16:29:58.317780,ct,,omission error,f6
2024-11-03 16:29:58.793669,click,,,f4
2024-11-03 16:29:59.118900,mt,0.475889,comission error,f4
2024-11-03 16:29:59.641553,click,,,f3
2024-11-03 16:29:59.923923,ct,0.522653,correct comission,f3
2024-11-03 16:30:00.899867,click,,,f2
2024-11-03 16:30:00.722518,ct,0.975944,correct comission,f2
2024-11-03 16:30:01.528418,ct,,omission error,f6
2024-11-03 16:30:02.357031,click,,,f2
2024-11-03 16:30:02.323793,ct,0.828613,correct comission,f2
2024-11-03 16:30:03.402637,click,,,f2
2024-11-03 16:30:03.127922,ct,1.078844,correct comission,f2
2024-11-03 16:30:04.217601,click,,,f2
2024-11-03 16:30:03.931642,ct,1.089679,correct comission,f2
2024-11-03 16:30:04.826879,click,,,f2
2024-11-03 16:30:04.736702,ct,0.895237,correct comission,f2
2024-11-03 16:30:05.434543,click,,,f2
2024-11-03 16:30:05.543475,ct,0.697841,correct comission,f2
2024-11-03 16:30:06.160551,click,,,f2
2024-11-03 16:30:06.348031,ct,0.617076,correct comission,f2
2024-11-03 16:30:07.190294,click,,,f2
2024-11-03 16:30:07.146450,ct,0.842263,correct comission,f2
2024-11-03 16:30:08.236910,click,,,f2
2024-11-03 16:30:07.952190,ct,1.09046,correct comission,f2
2024-11-03 16:30:08.756779,ct,,omission error,f6
2024-11-03 16:30:09.356033,click,,,f2
2024-11-03 16:30:09.558944,ct,0.599254,correct comission,f2
2024-11-03 16:30:10.295602,click,,,f4
2024-11-03 16:30:10.356588,mt,0.736658,comission error,f4
2024-11-03 16:30:11.160004,ct,,omission error,f6
2024-11-03 16:30:11.895164,click,,,f2
2024-11-03 16:30:11.965408,ct,0.73516,correct comission,f2
2024-11-03 16:30:12.916081,click,,,f2
2024-11-03 16:30:12.765210,ct,0.950673,correct comission,f2
2024-11-03 16:30:13.854371,click,,,f2
2024-11-03 16:30:13.567600,ct,1.089161,correct comission,f2
2024-11-03 16:30:14.375289,ct,,omission error,f6
2024-11-03 16:30:14.971031,click,,,f2
2024-11-03 16:30:15.182514,ct,0.595742,correct comission,f2
2024-11-03 16:30:15.756850,click,,,f2
2024-11-03 16:30:15.995866,ct,0.574336,correct comission,f2
2024-11-03 16:30:16.571929,click,,,f2
2024-11-03 16:30:16.797751,ct,0.576063,correct comission,f2
2024-11-03 16:30:17.653094,click,,,f2
2024-11-03 16:30:17.598370,ct,0.855343,correct comission,f2
2024-11-03 16:30:18.493430,click,,,f4
2024-11-03 16:30:18.407944,mt,0.89506,comission error,f4
2024-11-03 16:30:19.207274,ct,,omission error,f6
2024-11-03 16:30:20.008687,click,,,f2
2024-11-03 16:30:20.013217,ct,0.801413,correct comission,f2
2024-11-03 16:30:20.953032,click,,,f2
2024-11-03 16:30:20.814823,ct,0.939815,correct comission,f2
2024-11-03 16:30:21.616626,ct,,omission error,f6
2024-11-03 16:30:21.948474,click,,,f3
2024-11-03 16:30:22.417703,ct,0.331848,correct comission,f3
2024-11-03 16:30:22.822480,click,,,f4
2024-11-03 16:30:23.217572,mt,0.404777,comission error,f4
2024-11-03 16:30:23.598634,click,,,f3
2024-11-03 16:30:24.018766,ct,0.381062,correct comission,f3
2024-11-03 16:30:24.699995,click,,,f2
2024-11-03 16:30:24.820487,ct,0.681229,correct comission,f2
2024-11-03 16:30:25.620903,ct,,omission error,f6
2024-11-03 16:30:25.948887,click,,,f3
2024-11-03 16:30:26.424857,ct,0.327984,correct comission,f3
2024-11-03 16:30:27.081358,click,,,f2
2024-11-03 16:30:27.227955,ct,0.656501,correct comission,f2
2024-11-03 16:30:28.215487,click,,,f2
2024-11-03 16:30:28.031266,ct,0.987532,correct comission,f2
2024-11-03 16:30:29.103706,click,,,f4
2024-11-03 16:30:28.828829,mt,1.07244,comission error,f4
2024-11-03 16:30:29.634828,ct,,omission error,f6
2024-11-03 16:30:30.374610,click,,,f2
2024-11-03 16:30:30.435781,ct,0.739782,correct comission,f2
2024-11-03 16:30:31.238606,ct,,omission error,f6
2024-11-03 16:30:31.936530,click,,,f2
2024-11-03 16:30:32.040910,ct,0.697924,correct comission,f2
2024-11-03 16:30:33.000062,click,,,f2
2024-11-03 16:30:32.838232,ct,0.959152,correct comission,f2
2024-11-03 16:30:33.944706,click,,,f2
2024-11-03 16:30:33.648286,ct,1.106474,correct comission,f2
2024-11-03 16:30:34.551370,click,,,f2
2024-11-03 16:30:34.444657,ct,0.903084,correct comission,f2
2024-11-03 16:30:35.162758,click,,,f2
2024-11-03 16:30:35.247584,ct,0.718101,correct comission,f2
2024-11-03 16:30:36.125720,click,,,f2
2024-11-03 16:30:36.050664,ct,0.878136,correct comission,f2
2024-11-03 16:30:36.852925,ct,,omission error,f6
2024-11-03 16:30:37.400893,click,,,f3
2024-11-03 16:30:37.655110,ct,0.547968,correct comission,f3
2024-11-03 16:30:38.492212,click,,,f2
2024-11-03 16:30:38.459103,ct,0.837102,correct comission,f2
2024-11-03 16:30:39.266011,ct,,omission error,f6
2024-11-03 16:30:39.867825,click,,,f4
2024-11-03 16:30:40.072924,mt,0.601814,comission error,f4
2024-11-03 16:30:40.873662,ct,,omission error,f6
2024-11-03 16:30:41.596530,click,,,f2
2024-11-03 16:30:41.676875,ct,0.722868,correct comission,f2
2024-11-03 16:30:42.594368,click,,,f2
2024-11-03 16:30:42.474713,ct,0.917493,correct comission,f2
2024-11-03 16:30:43.432681,click,,,f2
2024-11-03 16:30:43.274092,ct,0.957968,correct comission,f2
2024-11-03 16:30:44.074525,ct,,omission error,f6
2024-11-03 16:30:44.607268,click,,,f3
2024-11-03 16:30:44.883702,ct,0.532743,correct comission,f3
2024-11-03 16:30:45.760844,click,,,f2
2024-11-03 16:30:45.685214,ct,0.877142,correct comission,f2
2024-11-03 16:30:46.783225,click,,,f2
2024-11-03 16:30:46.486781,ct,1.098011,correct comission,f2
2024-11-03 16:30:47.284382,ct,,omission error,f6
2024-11-03 16:30:48.162454,click,,,f2
2024-11-03 16:30:48.097675,ct,0.878072,correct comission,f2
2024-11-03 16:30:49.090673,click,,,f2
2024-11-03 16:30:48.895628,ct,0.992998,correct comission,f2
2024-11-03 16:30:49.700905,ct,,omission error,f6
2024-11-03 16:30:50.314632,click,,,f4
2024-11-03 16:30:50.501405,mt,0.613727,comission error,f4
2024-11-03 16:30:51.084666,click,,,f2
2024-11-03 16:30:51.300376,ct,0.583261,correct comission,f2
2024-11-03 16:30:52.105085,g/,,resting,f1
2024-11-03 16:30:52.431930,click,,resting,f1
2024-11-03 16:30:52.905827,g/,,resting,f1
2024-11-03 16:30:53.710042,g/,,resting,f1
2024-11-03 16:30:54.511675,g/,,resting,f1
2024-11-03 16:30:55.311198,g/,,resting,f1
2024-11-03 16:30:56.109040,g/,,resting,f1
2024-11-03 16:30:56.911933,g/,,resting,f1
2024-11-03 16:30:57.717706,g/,,resting,f1
2024-11-03 16:30:58.518844,g/,,resting,f1
2024-11-03 16:30:59.330891,g/,,resting,f1
2024-11-03 16:31:00.141344,g/,,resting,f1
2024-11-03 16:31:00.941154,g/,,resting,f1
2024-11-03 16:31:01.757886,g/,,resting,f1
2024-11-03 16:31:02.563395,g/,,resting,f1
2024-11-03 16:31:03.373767,g/,,resting,f1
2024-11-03 16:31:04.182212,g/,,resting,f1
2024-11-03 16:31:04.989963,g/,,resting,f1
2024-11-03 16:31:05.793282,g/,,resting,f1
2024-11-03 16:31:06.606512,g/,,resting,f1
2024-11-03 16:31:07.413558,g/,,resting,f1
2024-11-03 16:31:08.221559,g/,,resting,f1
2024-11-03 16:31:09.038893,g/,,resting,f1
2024-11-03 16:31:09.841747,g/,,resting,f1
2024-11-03 16:31:10.656767,g/,,resting,f1
2024-11-03 16:31:11.462212,g/,,resting,f1
2024-11-03 16:31:12.269026,g/,,resting,f1
2024-11-03 16:31:13.068160,g/,,resting,f1
2024-11-03 16:31:13.874204,g/,,resting,f1
2024-11-03 16:31:14.683663,g/,,resting,f1
2024-11-03 16:31:15.481569,g/,,resting,f1
2024-11-03 16:31:16.294636,g/,,resting,f1
2024-11-03 16:31:17.100413,g/,,resting,f1
2024-11-03 16:31:17.906726,g/,,resting,f1
2024-11-03 16:31:18.712757,g/,,resting,f1
2024-11-03 16:31:19.516192,g/,,resting,f1
2024-11-03 16:31:20.321040,g/,,resting,f1
2024-11-03 16:31:21.122700,g/,,resting,f1
2024-11-03 16:31:21.923088,g/,,resting,f1
2024-11-03 16:31:22.728152,g/,,resting,f1
2024-11-03 16:31:23.529483,g/,,resting,f1
2024-11-03 16:31:24.329103,g/,,resting,f1
2024-11-03 16:31:25.133511,g/,,resting,f1
2024-11-03 16:31:25.936569,g/,,resting,f1
2024-11-03 16:31:26.732883,g/,,resting,f1
2024-11-03 16:31:27.538213,g/,,resting,f1
2024-11-03 16:31:28.337605,g/,,resting,f1
2024-11-03 16:31:29.134353,g/,,resting,f1
2024-11-03 16:31:29.950417,g/,,resting,f1
2024-11-03 16:31:30.750370,g/,,resting,f1
2024-11-03 16:31:31.549589,g/,,resting,f1
2024-11-03 16:31:32.352799,g/,,resting,f1
2024-11-03 16:31:33.153813,g/,,resting,f1
2024-11-03 16:31:33.955466,g/,,resting,f1
2024-11-03 16:31:34.757083,g/,,resting,f1
2024-11-03 16:31:35.560834,g/,,resting,f1
2024-11-03 16:31:36.363023,g/,,resting,f1
2024-11-03 16:31:37.159051,g/,,resting,f1
2024-11-03 16:31:37.965477,g/,,resting,f1
2024-11-03 16:31:38.764224,g/,,resting,f1
2024-11-03 16:31:39.571822,g/,,resting,f1
2024-11-03 16:31:40.377180,g/,,resting,f1
2024-11-03 16:31:41.176404,g/,,resting,f1
2024-11-03 16:31:41.977199,g/,,resting,f1
2024-11-03 16:31:42.781794,g/,,resting,f1
2024-11-03 16:31:43.577445,g/,,resting,f1
2024-11-03 16:31:44.375479,g/,,resting,f1
2024-11-03 16:31:45.177921,g/,,resting,f1
2024-11-03 16:31:45.979331,g/,,resting,f1
2024-11-03 16:31:46.777620,g/,,resting,f1
2024-11-03 16:31:47.579271,g/,,resting,f1
2024-11-03 16:31:48.383192,ct,,resting,f11
2024-11-03 16:31:49.114394,click,,,f2
2024-11-03 16:31:49.182169,ct,0.731202,correct comission,f2
2024-11-03 16:31:49.945510,click,,,f2
2024-11-03 16:31:49.986625,ct,0.763341,correct comission,f2
2024-11-03 16:31:50.612398,click,,,f2
2024-11-03 16:31:50.789707,ct,0.625773,correct comission,f2
2024-11-03 16:31:51.223762,click,,,f3
2024-11-03 16:31:51.587753,ct,0.434055,correct comission,f3
2024-11-03 16:31:52.103466,click,,,f3
2024-11-03 16:31:52.386238,ct,0.515713,correct comission,f3
2024-11-03 16:31:53.180130,click,,,f2
2024-11-03 16:31:53.189569,ct,0.793892,correct comission,f2
2024-11-03 16:31:54.228979,click,,,f2
2024-11-03 16:31:53.986173,ct,1.03941,correct comission,f2
2024-11-03 16:31:54.711307,click,,,f4
2024-11-03 16:31:54.782788,mt,0.725134,comission error,f4
2024-11-03 16:31:55.589213,ct,,omission error,f6
2024-11-03 16:31:56.234073,click,,,f2
2024-11-03 16:31:56.390697,ct,0.64486,correct comission,f2
2024-11-03 16:31:57.034054,click,,,f2
2024-11-03 16:31:57.189371,ct,0.643357,correct comission,f2
2024-11-03 16:31:57.861178,click,,,f2
2024-11-03 16:31:58.007517,ct,0.671807,correct comission,f2
2024-11-03 16:31:58.650273,click,,,f2
2024-11-03 16:31:58.820284,ct,0.642756,correct comission,f2
2024-11-03 16:31:59.430710,click,,,f4
2024-11-03 16:31:59.630251,mt,0.610426,comission error,f4
2024-11-03 16:32:00.152767,click,,,f3
2024-11-03 16:32:00.434144,ct,0.522516,correct comission,f3
2024-11-03 16:32:01.103571,click,,,f2
2024-11-03 16:32:01.243898,ct,0.669427,correct comission,f2
2024-11-03 16:32:01.861646,click,,,f2
2024-11-03 16:32:02.054155,ct,0.617748,correct comission,f2
2024-11-03 16:32:02.571417,click,,,f3
2024-11-03 16:32:02.854201,ct,0.517262,correct comission,f3
2024-11-03 16:32:03.481220,click,,,f2
2024-11-03 16:32:03.667982,ct,0.627019,correct comission,f2
2024-11-03 16:32:04.763900,click,,,f2
2024-11-03 16:32:04.467973,ct,1.095918,correct comission,f2
2024-11-03 16:32:05.264727,click,,,f2
2024-11-03 16:32:05.268964,ct,0.796754,correct comission,f2
2024-11-03 16:32:05.798914,click,,,f3
2024-11-03 16:32:06.081525,ct,0.52995,correct comission,f3
2024-11-03 16:32:06.567978,click,,,f3
2024-11-03 16:32:06.888058,ct,0.486453,correct comission,f3
2024-11-03 16:32:07.687993,click,,,f2
2024-11-03 16:32:07.688500,ct,0.799935,correct comission,f2
2024-11-03 16:32:08.446460,click,,,f2
2024-11-03 16:32:08.497052,ct,0.75796,correct comission,f2
2024-11-03 16:32:09.244961,click,,,f2
2024-11-03 16:32:09.305927,ct,0.747909,correct comission,f2
2024-11-03 16:32:10.135155,click,,,f4
2024-11-03 16:32:10.112452,mt,0.829228,comission error,f4
2024-11-03 16:32:10.917991,ct,,omission error,f6
2024-11-03 16:32:11.647995,click,,,f2
2024-11-03 16:32:11.720541,ct,0.730004,correct comission,f2
2024-11-03 16:32:12.423874,click,,,f2
2024-11-03 16:32:12.526711,ct,0.703333,correct comission,f2
2024-11-03 16:32:13.260396,click,,,f2
2024-11-03 16:32:13.332190,ct,0.733685,correct comission,f2
2024-11-03 16:32:13.974366,click,,,f2
2024-11-03 16:32:14.151411,ct,0.642176,correct comission,f2
2024-11-03 16:32:14.776117,click,,,f2
2024-11-03 16:32:14.962732,ct,0.624706,correct comission,f2
2024-11-03 16:32:15.520675,click,,,f3
2024-11-03 16:32:15.770453,ct,0.557943,correct comission,f3
2024-11-03 16:32:16.248333,click,,,f3
2024-11-03 16:32:16.578943,ct,0.47788,correct comission,f3
2024-11-03 16:32:17.136589,click,,,f3
2024-11-03 16:32:17.375663,ct,0.557646,correct comission,f3
2024-11-03 16:32:18.073606,click,,,f2
2024-11-03 16:32:18.187782,ct,0.697943,correct comission,f2
2024-11-03 16:32:19.050446,click,,,f2
2024-11-03 16:32:18.985220,ct,0.862664,correct comission,f2
2024-11-03 16:32:19.753855,click,,,f4
2024-11-03 16:32:19.787769,mt,0.768635,comission error,f4
2024-11-03 16:32:20.587254,ct,,omission error,f6
2024-11-03 16:32:21.243758,click,,,f2
2024-11-03 16:32:21.384412,ct,0.656504,correct comission,f2
2024-11-03 16:32:22.156311,click,,,f4
2024-11-03 16:32:22.181661,mt,0.771899,comission error,f4
2024-11-03 16:32:22.980695,ct,,omission error,f6
2024-11-03 16:32:23.695353,click,,,f2
2024-11-03 16:32:23.783864,ct,0.714658,correct comission,f2
2024-11-03 16:32:24.651671,click,,,f2
2024-11-03 16:32:24.585664,ct,0.867807,correct comission,f2
2024-11-03 16:32:25.600126,click,,,f2
2024-11-03 16:32:25.384913,ct,1.014462,correct comission,f2
2024-11-03 16:32:26.271696,click,,,f2
2024-11-03 16:32:26.195685,ct,0.886783,correct comission,f2
2024-11-03 16:32:26.956256,click,,,f2
2024-11-03 16:32:26.994861,ct,0.760571,correct comission,f2
2024-11-03 16:32:27.836331,click,,,f2
2024-11-03 16:32:27.792728,ct,0.84147,correct comission,f2
2024-11-03 16:32:28.538048,click,,,f2
2024-11-03 16:32:28.597864,ct,0.74532,correct comission,f2
2024-11-03 16:32:29.326843,click,,,f2
2024-11-03 16:32:29.398606,ct,0.728979,correct comission,f2
2024-11-03 16:32:30.240854,click,,,f2
2024-11-03 16:32:30.195899,ct,0.842248,correct comission,f2
2024-11-03 16:32:31.106983,click,,,f2
2024-11-03 16:32:31.000744,ct,0.911084,correct comission,f2
2024-11-03 16:32:31.803602,click,,,f2
2024-11-03 16:32:31.804181,ct,0.802858,correct comission,f2
2024-11-03 16:32:32.795033,click,,,f2
2024-11-03 16:32:32.609337,ct,0.990852,correct comission,f2
2024-11-03 16:32:33.474919,click,,,f2
2024-11-03 16:32:33.410872,ct,0.865582,correct comission,f2
2024-11-03 16:32:34.395825,click,,,f2
2024-11-03 16:32:34.213650,ct,0.984953,correct comission,f2
2024-11-03 16:32:35.106124,click,,,f2
2024-11-03 16:32:35.018414,ct,0.892474,correct comission,f2
2024-11-03 16:32:35.812689,click,,,f4
2024-11-03 16:32:35.819470,mt,0.794275,comission error,f4
2024-11-03 16:32:36.622116,ct,,omission error,f6
2024-11-03 16:32:37.227073,click,,,f2
2024-11-03 16:32:37.424722,ct,0.604957,correct comission,f2
2024-11-03 16:32:38.238497,ct,,omission error,f6
2024-11-03 16:32:38.682649,click,,,f3
2024-11-03 16:32:39.037081,ct,0.444152,correct comission,f3
2024-11-03 16:32:39.406602,click,,,f3
2024-11-03 16:32:39.834548,ct,0.369521,correct comission,f3
2024-11-03 16:32:40.638545,mt,,correct omission,f5
2024-11-03 16:32:41.010931,click,,,f3
2024-11-03 16:32:41.436615,ct,0.372386,correct comission,f3
2024-11-03 16:32:42.333757,click,,,f2
2024-11-03 16:32:42.235251,ct,0.897142,correct comission,f2
2024-11-03 16:32:43.004019,click,,,f2
2024-11-03 16:32:43.034548,ct,0.768768,correct comission,f2
2024-11-03 16:32:43.711969,click,,,f2
2024-11-03 16:32:43.833659,ct,0.677421,correct comission,f2
2024-11-03 16:32:44.739043,click,,,f2
2024-11-03 16:32:44.641730,ct,0.905384,correct comission,f2
2024-11-03 16:32:45.439235,ct,,omission error,f6
2024-11-03 16:32:45.887275,click,,,f3
2024-11-03 16:32:46.251007,ct,0.44804,correct comission,f3
2024-11-03 16:32:46.731892,click,,,f3
2024-11-03 16:32:47.058226,ct,0.480885,correct comission,f3
2024-11-03 16:32:47.556240,click,,,f3
2024-11-03 16:32:47.872325,ct,0.498014,correct comission,f3
2024-11-03 16:32:48.443948,click,,,f2
2024-11-03 16:32:48.681796,ct,0.571623,correct comission,f2
2024-11-03 16:32:49.333135,click,,,f2
2024-11-03 16:32:49.494942,ct,0.651339,correct comission,f2
2024-11-03 16:32:49.968662,click,,,f4
2024-11-03 16:32:50.296492,mt,0.47372,comission error,f4
2024-11-03 16:32:50.703011,click,,,f3
2024-11-03 16:32:51.101674,ct,0.406519,correct comission,f3
2024-11-03 16:32:51.742381,click,,,f2
2024-11-03 16:32:51.917793,ct,0.640707,correct comission,f2
2024-11-03 16:32:52.880783,click,,,f2
2024-11-03 16:32:52.714392,ct,0.96299,correct comission,f2
2024-11-03 16:32:53.517949,click,,,f2
2024-11-03 16:32:53.527931,ct,0.803557,correct comission,f2
2024-11-03 16:32:54.311399,click,,,f2
2024-11-03 16:32:54.327977,ct,0.783468,correct comission,f2
2024-11-03 16:32:55.237274,click,,,f2
2024-11-03 16:32:55.130706,ct,0.909297,correct comission,f2
2024-11-03 16:32:56.198784,click,,,f2
2024-11-03 16:32:55.934187,ct,1.068078,correct comission,f2
2024-11-03 16:32:56.928002,click,,,f2
2024-11-03 16:32:56.731877,ct,0.993815,correct comission,f2
2024-11-03 16:32:57.539063,click,,,f2
2024-11-03 16:32:57.532980,ct,0.807186,correct comission,f2
2024-11-03 16:32:58.318171,click,,,f4
2024-11-03 16:32:58.335979,mt,0.785191,comission error,f4
2024-11-03 16:32:59.136452,click,,,f2
2024-11-03 16:32:59.137139,ct,0.800473,correct comission,f2
2024-11-03 16:32:59.959078,click,,,f2
2024-11-03 16:32:59.934421,ct,0.821939,correct comission,f2
2024-11-03 16:33:00.718495,click,,,f2
2024-11-03 16:33:00.736048,ct,0.784074,correct comission,f2
2024-11-03 16:33:01.684919,click,,,f2
2024-11-03 16:33:01.536490,ct,0.948871,correct comission,f2
2024-11-03 16:33:02.366730,click,,,f4
2024-11-03 16:33:02.334037,mt,0.83024,comission error,f4
2024-11-03 16:33:03.139314,ct,,omission error,f6
2024-11-03 16:33:03.639108,click,,,f3
2024-11-03 16:33:03.941033,ct,0.499794,correct comission,f3
2024-11-03 16:33:04.608401,click,,,f2
2024-11-03 16:33:04.740445,ct,0.667368,correct comission,f2
2024-11-03 16:33:05.302447,click,,,f2
2024-11-03 16:33:05.541695,ct,0.562002,correct comission,f2
2024-11-03 16:33:06.097515,click,,,f3
2024-11-03 16:33:06.346774,ct,0.55582,correct comission,f3
2024-11-03 16:33:06.967415,click,,,f2
2024-11-03 16:33:07.159625,ct,0.620641,correct comission,f2
2024-11-03 16:33:07.731682,click,,,f2
2024-11-03 16:33:07.957710,ct,0.572057,correct comission,f2
2024-11-03 16:33:08.742207,click,,,f2
2024-11-03 16:33:08.772371,ct,0.784497,correct comission,f2
2024-11-03 16:33:09.527980,click,,,f2
2024-11-03 16:33:09.576092,ct,0.755609,correct comission,f2
2024-11-03 16:33:10.255969,click,,,f2
2024-11-03 16:33:10.391281,ct,0.679877,correct comission,f2
2024-11-03 16:33:11.044062,click,,,f2
2024-11-03 16:33:11.204806,ct,0.652781,correct comission,f2
2024-11-03 16:33:12.271105,click,,,f2
2024-11-03 16:33:12.003859,ct,1.066299,correct comission,f2
2024-11-03 16:33:12.810657,click,,,f2
2024-11-03 16:33:12.815484,ct,0.806798,correct comission,f2
2024-11-03 16:33:13.398953,click,,,f2
2024-11-03 16:33:13.621317,ct,0.583469,correct comission,f2
2024-11-03 16:33:14.313174,click,,,f2
2024-11-03 16:33:14.426009,ct,0.691857,correct comission,f2
2024-11-03 16:33:15.058921,click,,,f2
2024-11-03 16:33:15.236650,ct,0.632912,correct comission,f2
2024-11-03 16:33:15.856646,click,,,f4
2024-11-03 16:33:16.047737,mt,0.619996,comission error,f4
2024-11-03 16:33:16.576188,click,,,f3
2024-11-03 16:33:16.846518,ct,0.528451,correct comission,f3
2024-11-03 16:33:17.493785,click,,,f2
2024-11-03 16:33:17.663018,ct,0.647267,correct comission,f2
2024-11-03 16:33:18.360002,click,,,f2
2024-11-03 16:33:18.464211,ct,0.696984,correct comission,f2
2024-11-03 16:33:19.170563,click,,,f2
2024-11-03 16:33:19.264268,ct,0.706352,correct comission,f2
2024-11-03 16:33:20.196492,click,,,f2
2024-11-03 16:33:20.075895,ct,0.932224,correct comission,f2
2024-11-03 16:33:20.841966,click,,,f4
2024-11-03 16:33:20.878155,mt,0.766071,comission error,f4
2024-11-03 16:33:21.575090,click,,,f2
2024-11-03 16:33:21.679341,ct,0.696935,correct comission,f2
2024-11-03 16:33:22.516876,click,,,f2
2024-11-03 16:33:22.483978,ct,0.837535,correct comission,f2
2024-11-03 16:33:23.301372,click,,,f2
2024-11-03 16:33:23.383597,ct,0.817394,correct comission,f2
2024-11-03 16:33:24.167518,click,,,f2
2024-11-03 16:33:24.191096,ct,0.783921,correct comission,f2
2024-11-03 16:33:24.950134,click,,,f2
2024-11-03 16:33:24.999265,ct,0.759038,correct comission,f2
2024-11-03 16:33:25.687128,click,,,f2
2024-11-03 16:33:25.799769,ct,0.687863,correct comission,f2
2024-11-03 16:33:26.583799,click,,,f2
2024-11-03 16:33:26.598888,ct,0.78403,correct comission,f2
2024-11-03 16:33:27.394531,click,,,f2
2024-11-03 16:33:27.413304,ct,0.795643,correct comission,f2
2024-11-03 16:33:28.235988,click,,,f2
2024-11-03 16:33:28.211718,ct,0.822684,correct comission,f2
2024-11-03 16:33:28.986319,click,,,f2
2024-11-03 16:33:29.011844,ct,0.774601,correct comission,f2
2024-11-03 16:33:29.765832,click,,,f4
2024-11-03 16:33:29.816920,mt,0.753988,comission error,f4
2024-11-03 16:33:30.614687,ct,,omission error,f6
2024-11-03 16:33:31.415760,click,,,f2
2024-11-03 16:33:31.416315,ct,0.801073,correct comission,f2
2024-11-03 16:33:32.263761,click,,,f2
2024-11-03 16:33:32.220686,ct,0.847446,correct comission,f2
2024-11-03 16:33:32.965745,click,,,f2
2024-11-03 16:33:33.024804,ct,0.745059,correct comission,f2
2024-11-03 16:33:33.684165,click,,,f4
2024-11-03 16:33:33.830926,mt,0.659361,comission error,f4
2024-11-03 16:33:34.627729,ct,,omission error,f6
2024-11-03 16:33:35.418746,click,,,f2
2024-11-03 16:33:35.433094,ct,0.791017,correct comission,f2
2024-11-03 16:33:36.265625,click,,,f2
2024-11-03 16:33:36.241814,ct,0.832531,correct comission,f2
2024-11-03 16:33:36.972216,click,,,f2
2024-11-03 16:33:37.054739,ct,0.730402,correct comission,f2
2024-11-03 16:33:37.913384,click,,,f2
2024-11-03 16:33:37.857782,ct,0.858645,correct comission,f2
2024-11-03 16:33:38.586552,click,,,f2
2024-11-03 16:33:38.663962,ct,0.72877,correct comission,f2
2024-11-03 16:33:39.581554,click,,,f2
2024-11-03 16:33:39.472527,ct,0.917592,correct comission,f2
2024-11-03 16:33:40.471646,click,,,f2
2024-11-03 16:33:40.271596,ct,0.999119,correct comission,f2
2024-11-03 16:33:41.380346,click,,,f2
2024-11-03 16:33:41.082875,ct,1.10875,correct comission,f2
2024-11-03 16:33:42.028082,click,,,f4
2024-11-03 16:33:41.885130,mt,0.945207,comission error,f4
2024-11-03 16:33:42.689170,ct,,omission error,f6
2024-11-03 16:33:43.380489,click,,,f2
2024-11-03 16:33:43.495508,ct,0.691319,correct comission,f2
2024-11-03 16:33:44.218698,click,,,f2
2024-11-03 16:33:44.299325,ct,0.72319,correct comission,f2
2024-11-03 16:33:44.949573,click,,,f2
2024-11-03 16:33:45.106411,ct,0.650248,correct comission,f2
2024-11-03 16:33:45.767988,click,,,f2
2024-11-03 16:33:45.902989,ct,0.661577,correct comission,f2
2024-11-03 16:33:46.582900,click,,,f2
2024-11-03 16:33:46.702136,ct,0.679911,correct comission,f2
2024-11-03 16:33:47.468184,click,,,f2
2024-11-03 16:33:47.504721,ct,0.766048,correct comission,f2
2024-11-03 16:33:48.410534,click,,,f2
2024-11-03 16:33:48.301571,ct,0.905813,correct comission,f2
2024-11-03 16:33:49.083714,click,,resting,f1
2024-11-03 16:33:49.102914,g/,,resting,f1
2024-11-03 16:33:49.907077,g/,,resting,f1
2024-11-03 16:33:50.707353,g/,,resting,f1
2024-11-03 16:33:51.505420,g/,,resting,f1
2024-11-03 16:33:52.323939,g/,,resting,f1
2024-11-03 16:33:53.130520,g/,,resting,f1
2024-11-03 16:33:53.928324,g/,,resting,f1
2024-11-03 16:33:54.738937,g/,,resting,f1
2024-11-03 16:33:55.539310,g/,,resting,f1
2024-11-03 16:33:56.340430,g/,,resting,f1
2024-11-03 16:33:57.145274,g/,,resting,f1
2024-11-03 16:33:57.950540,g/,,resting,f1
2024-11-03 16:33:58.758657,g/,,resting,f1
2024-11-03 16:33:59.559142,g/,,resting,f1
2024-11-03 16:34:00.367288,g/,,resting,f1
2024-11-03 16:34:01.167165,g/,,resting,f1
2024-11-03 16:34:01.972614,g/,,resting,f1
2024-11-03 16:34:02.775464,g/,,resting,f1
2024-11-03 16:34:03.572437,g/,,resting,f1
2024-11-03 16:34:04.370562,g/,,resting,f1
2024-11-03 16:34:05.170911,g/,,resting,f1
2024-11-03 16:34:05.971550,g/,,resting,f1
2024-11-03 16:34:06.772963,g/,,resting,f1
2024-11-03 16:34:07.577858,g/,,resting,f1
2024-11-03 16:34:08.380778,g/,,resting,f1
2024-11-03 16:34:09.176850,g/,,resting,f1
2024-11-03 16:34:09.981097,g/,,resting,f1
2024-11-03 16:34:10.781813,g/,,resting,f1
2024-11-03 16:34:11.585799,g/,,resting,f1
2024-11-03 16:34:12.383636,g/,,resting,f1
2024-11-03 16:34:13.185406,g/,,resting,f1
2024-11-03 16:34:13.985065,g/,,resting,f1
2024-11-03 16:34:14.786296,g/,,resting,f1
2024-11-03 16:34:15.591148,g/,,resting,f1
2024-11-03 16:34:16.389100,g/,,resting,f1
2024-11-03 16:34:17.187182,g/,,resting,f1
2024-11-03 16:34:17.997993,g/,,resting,f1
2024-11-03 16:34:18.795038,g/,,resting,f1
2024-11-03 16:34:19.601149,g/,,resting,f1
2024-11-03 16:34:20.407983,g/,,resting,f1
2024-11-03 16:34:21.205636,g/,,resting,f1
2024-11-03 16:34:22.014670,g/,,resting,f1
2024-11-03 16:34:22.819097,g/,,resting,f1
2024-11-03 16:34:23.618781,g/,,resting,f1
2024-11-03 16:34:24.418495,g/,,resting,f1
2024-11-03 16:34:25.223130,g/,,resting,f1
2024-11-03 16:34:26.026990,g/,,resting,f1
2024-11-03 16:34:26.825444,g/,,resting,f1
2024-11-03 16:34:27.623923,g/,,resting,f1
2024-11-03 16:34:28.428145,g/,,resting,f1
2024-11-03 16:34:29.226241,g/,,resting,f1
2024-11-03 16:34:30.033290,g/,,resting,f1
2024-11-03 16:34:30.834374,g/,,resting,f1
2024-11-03 16:34:31.645686,g/,,resting,f1
2024-11-03 16:34:32.444503,g/,,resting,f1
2024-11-03 16:34:33.248689,g/,,resting,f1
2024-11-03 16:34:34.061498,g/,,resting,f1
2024-11-03 16:34:34.862679,g/,,resting,f1
2024-11-03 16:34:35.676042,g/,,resting,f1
2024-11-03 16:34:36.479685,g/,,resting,f1
2024-11-03 16:34:37.279475,g/,,resting,f1
2024-11-03 16:34:38.088686,g/,,resting,f1
2024-11-03 16:34:38.886550,g/,,resting,f1
2024-11-03 16:34:39.683769,g/,,resting,f1
2024-11-03 16:34:40.485734,g/,,resting,f1
2024-11-03 16:34:41.287930,g/,,resting,f1
2024-11-03 16:34:42.088783,g/,,resting,f1
2024-11-03 16:34:42.889221,g/,,resting,f1
2024-11-03 16:34:43.692237,g/,,resting,f1
2024-11-03 16:34:44.494388,g/,,resting,f1
2024-11-03 16:34:45.303981,ct,,resting,f11
2024-11-03 16:34:46.125407,click,,,f4
2024-11-03 16:34:46.102854,mt,0.821426,comission error,f4
2024-11-03 16:34:46.767270,click,,,f2
2024-11-03 16:34:46.911671,ct,0.664416,correct comission,f2
2024-11-03 16:34:47.684449,click,,,f2
2024-11-03 16:34:47.713697,ct,0.772778,correct comission,f2
2024-11-03 16:34:48.324581,click,,,f2
2024-11-03 16:34:48.513439,ct,0.610884,correct comission,f2
2024-11-03 16:34:49.261855,click,,,f2
2024-11-03 16:34:49.312207,ct,0.748416,correct comission,f2
2024-11-03 16:34:50.261973,click,,,f2
2024-11-03 16:34:50.116228,ct,0.949766,correct comission,f2
2024-11-03 16:34:50.914395,ct,,omission error,f6
2024-11-03 16:34:51.376888,click,,,f3
2024-11-03 16:34:51.709532,ct,0.462493,correct comission,f3
2024-11-03 16:34:52.435309,click,,,f2
2024-11-03 16:34:52.506971,ct,0.725777,correct comission,f2
2024-11-03 16:34:53.061360,click,,,f4
2024-11-03 16:34:53.315888,mt,0.554389,comission error,f4
2024-11-03 16:34:53.783479,click,,,f3
2024-11-03 16:34:54.120839,ct,0.467591,correct comission,f3
2024-11-03 16:34:54.770972,click,,,f2
2024-11-03 16:34:54.917300,ct,0.650133,correct comission,f2
2024-11-03 16:34:55.514525,click,,,f2
2024-11-03 16:34:55.719247,ct,0.597225,correct comission,f2
2024-11-03 16:34:56.402843,click,,,f2
2024-11-03 16:34:56.520062,ct,0.683596,correct comission,f2
2024-11-03 16:34:57.234976,click,,,f2
2024-11-03 16:34:57.328445,ct,0.714914,correct comission,f2
2024-11-03 16:34:57.987257,click,,,f2
2024-11-03 16:34:58.132249,ct,0.658812,correct comission,f2
2024-11-03 16:34:58.738964,click,,,f2
2024-11-03 16:34:58.940176,ct,0.606715,correct comission,f2
2024-11-03 16:34:59.557848,click,,,f2
2024-11-03 16:34:59.761804,ct,0.617672,correct comission,f2
2024-11-03 16:35:00.836413,click,,,f2
2024-11-03 16:35:00.568005,ct,1.074609,correct comission,f2
2024-11-03 16:35:01.281454,click,,,f2
2024-11-03 16:35:01.375107,ct,0.713449,correct comission,f2
2024-11-03 16:35:02.174502,ct,,omission error,f6
2024-11-03 16:35:02.504136,click,,,f3
2024-11-03 16:35:02.978464,ct,0.329634,correct comission,f3
2024-11-03 16:35:03.729721,click,,,f2
2024-11-03 16:35:03.781840,ct,0.751257,correct comission,f2
2024-11-03 16:35:04.692309,click,,,f2
2024-11-03 16:35:04.582786,ct,0.910469,correct comission,f2
2024-11-03 16:35:05.526460,click,,,f2
2024-11-03 16:35:05.382783,ct,0.943674,correct comission,f2
2024-11-03 16:35:06.224739,click,,,f2
2024-11-03 16:35:06.181027,ct,0.841956,correct comission,f2
2024-11-03 16:35:07.093812,click,,,f2
2024-11-03 16:35:06.985316,ct,0.912785,correct comission,f2
2024-11-03 16:35:07.942897,click,,,f2
2024-11-03 16:35:07.787722,ct,0.957581,correct comission,f2
2024-11-03 16:35:08.791752,click,,,f4
2024-11-03 16:35:08.585247,mt,1.00403,comission error,f4
2024-11-03 16:35:09.397754,ct,,omission error,f6
2024-11-03 16:35:09.962269,click,,,f2
2024-11-03 16:35:10.198211,ct,0.564515,correct comission,f2
2024-11-03 16:35:10.904489,click,,,f2
2024-11-03 16:35:11.007751,ct,0.706278,correct comission,f2
2024-11-03 16:35:11.698155,click,,,f2
2024-11-03 16:35:11.811316,ct,0.690404,correct comission,f2
2024-11-03 16:35:12.489690,click,,,f2
2024-11-03 16:35:12.621197,ct,0.678374,correct comission,f2
2024-11-03 16:35:13.188388,click,,,f2
2024-11-03 16:35:13.433190,ct,0.567191,correct comission,f2
2024-11-03 16:35:14.043963,click,,,f4
2024-11-03 16:35:14.233724,mt,0.610773,comission error,f4
2024-11-03 16:35:15.045503,ct,,omission error,f6
2024-11-03 16:35:15.634264,click,,,f2
2024-11-03 16:35:15.842124,ct,0.588761,correct comission,f2
2024-11-03 16:35:16.502036,click,,,f2
2024-11-03 16:35:16.652879,ct,0.659912,correct comission,f2
2024-11-03 16:35:17.414905,click,,,f4
2024-11-03 16:35:17.452859,mt,0.762026,comission error,f4
2024-11-03 16:35:18.066137,click,,,f2
2024-11-03 16:35:18.258140,ct,0.613278,correct comission,f2
2024-11-03 16:35:19.082640,click,,,f2
2024-11-03 16:35:19.060347,ct,0.8245,correct comission,f2
2024-11-03 16:35:19.912109,click,,,f2
2024-11-03 16:35:19.857429,ct,0.851762,correct comission,f2
2024-11-03 16:35:20.700344,click,,,f2
2024-11-03 16:35:20.655930,ct,0.842915,correct comission,f2
2024-11-03 16:35:21.635318,click,,,f2
2024-11-03 16:35:21.463041,ct,0.979388,correct comission,f2
2024-11-03 16:35:22.391417,click,,,f2
2024-11-03 16:35:22.260138,ct,0.928376,correct comission,f2
2024-11-03 16:35:23.256775,click,,,f2
2024-11-03 16:35:23.055251,ct,0.996637,correct comission,f2
2024-11-03 16:35:23.870333,click,,,f2
2024-11-03 16:35:23.858351,ct,0.815082,correct comission,f2
2024-11-03 16:35:24.506407,click,,,f2
2024-11-03 16:35:24.677897,ct,0.648056,correct comission,f2
2024-11-03 16:35:25.332395,click,,,f2
2024-11-03 16:35:25.479725,ct,0.654498,correct comission,f2
2024-11-03 16:35:26.091378,click,,,f2
2024-11-03 16:35:26.284829,ct,0.611653,correct comission,f2
2024-11-03 16:35:26.931835,click,,,f2
2024-11-03 16:35:27.086818,ct,0.647006,correct comission,f2
2024-11-03 16:35:27.724908,click,,,f2
2024-11-03 16:35:27.894159,ct,0.63809,correct comission,f2
2024-11-03 16:35:28.697700,click,,,f2
2024-11-03 16:35:28.703211,ct,0.803541,correct comission,f2
2024-11-03 16:35:29.414882,click,,,f2
2024-11-03 16:35:29.500696,ct,0.711671,correct comission,f2
2024-11-03 16:35:30.346443,click,,,f4
2024-11-03 16:35:30.323387,mt,0.845747,comission error,f4
2024-11-03 16:35:31.211082,click,,,f2
2024-11-03 16:35:31.125410,ct,0.887695,correct comission,f2
2024-11-03 16:35:32.148284,click,,,f2
2024-11-03 16:35:31.926673,ct,1.022874,correct comission,f2
2024-11-03 16:35:32.873680,click,,,f2
2024-11-03 16:35:32.736048,ct,0.947007,correct comission,f2
2024-11-03 16:35:33.797412,click,,,f2
2024-11-03 16:35:33.540730,ct,1.061364,correct comission,f2
2024-11-03 16:35:34.442472,click,,,f4
2024-11-03 16:35:34.346686,mt,0.901742,comission error,f4
2024-11-03 16:35:35.148121,ct,,omission error,f6
2024-11-03 16:35:35.784666,click,,,f2
2024-11-03 16:35:35.947874,ct,0.636545,correct comission,f2
2024-11-03 16:35:36.761630,click,,,f2
2024-11-03 16:35:36.749233,ct,0.813756,correct comission,f2
2024-11-03 16:35:37.496744,click,,,f2
2024-11-03 16:35:37.547972,ct,0.747511,correct comission,f2
2024-11-03 16:35:38.517162,click,,,f2
2024-11-03 16:35:38.344431,ct,0.96919,correct comission,f2
2024-11-03 16:35:39.052820,click,,,f2
2024-11-03 16:35:39.146168,ct,0.708389,correct comission,f2
2024-11-03 16:35:39.932144,click,,,f2
2024-11-03 16:35:39.952437,ct,0.785976,correct comission,f2
2024-11-03 16:35:40.703632,click,,,f2
2024-11-03 16:35:40.751197,ct,0.751195,correct comission,f2
2024-11-03 16:35:41.630847,click,,,f2
2024-11-03 16:35:41.553764,ct,0.87965,correct comission,f2
2024-11-03 16:35:42.335880,click,,,f2
2024-11-03 16:35:42.351919,ct,0.782116,correct comission,f2
2024-11-03 16:35:43.174828,click,,,f2
2024-11-03 16:35:43.151892,ct,0.822909,correct comission,f2
2024-11-03 16:35:43.868049,click,,,f2
2024-11-03 16:35:43.967393,ct,0.716157,correct comission,f2
2024-11-03 16:35:44.716287,click,,,f2
2024-11-03 16:35:44.767218,ct,0.748894,correct comission,f2
2024-11-03 16:35:45.456354,click,,,f2
2024-11-03 16:35:45.568104,ct,0.689136,correct comission,f2
2024-11-03 16:35:46.385425,click,,,f2
2024-11-03 16:35:46.373196,ct,0.817321,correct comission,f2
2024-11-03 16:35:47.144233,click,,,f2
2024-11-03 16:35:47.171916,ct,0.771037,correct comission,f2
2024-11-03 16:35:48.023676,click,,,f4
2024-11-03 16:35:47.969991,mt,0.85176,comission error,f4
2024-11-03 16:35:48.770363,ct,,omission error,f6
2024-11-03 16:35:49.761351,click,,,f2
2024-11-03 16:35:49.566147,ct,0.990988,correct comission,f2
2024-11-03 16:35:50.506536,click,,,f2
2024-11-03 16:35:50.365521,ct,0.940389,correct comission,f2
2024-11-03 16:35:51.048882,click,,,f2
2024-11-03 16:35:51.162203,ct,0.683361,correct comission,f2
2024-11-03 16:35:51.806546,click,,,f2
2024-11-03 16:35:51.965941,ct,0.644343,correct comission,f2
2024-11-03 16:35:52.521790,click,,,f3
2024-11-03 16:35:52.766755,ct,0.555849,correct comission,f3
2024-11-03 16:35:53.400308,click,,,f2
2024-11-03 16:35:53.570671,ct,0.633553,correct comission,f2
2024-11-03 16:35:54.194190,click,,,f2
2024-11-03 16:35:54.382014,ct,0.623519,correct comission,f2
2024-11-03 16:35:55.163982,click,,,f4
2024-11-03 16:35:55.193413,mt,0.781968,comission error,f4
2024-11-03 16:35:55.998348,ct,,omission error,f6
2024-11-03 16:35:56.729886,click,,,f2
2024-11-03 16:35:56.802247,ct,0.731538,correct comission,f2
2024-11-03 16:35:57.629880,click,,,f2
2024-11-03 16:35:57.603408,ct,0.827633,correct comission,f2
2024-11-03 16:35:58.427714,click,,,f2
2024-11-03 16:35:58.405473,ct,0.824306,correct comission,f2
2024-11-03 16:35:59.209965,click,,,f2
2024-11-03 16:35:59.210815,ct,0.804492,correct comission,f2
2024-11-03 16:36:00.270134,click,,,f2
2024-11-03 16:36:00.015039,ct,1.059319,correct comission,f2
2024-11-03 16:36:00.832644,click,,,f2
2024-11-03 16:36:00.821160,ct,0.817605,correct comission,f2
2024-11-03 16:36:01.713157,click,,,f2
2024-11-03 16:36:01.617010,ct,0.891997,correct comission,f2
2024-11-03 16:36:02.301741,click,,,f2
2024-11-03 16:36:02.426713,ct,0.684731,correct comission,f2
2024-11-03 16:36:03.168112,click,,,f2
2024-11-03 16:36:03.224536,ct,0.741399,correct comission,f2
2024-11-03 16:36:04.235249,click,,,f2
2024-11-03 16:36:04.024452,ct,1.010713,correct comission,f2
2024-11-03 16:36:04.848128,click,,,f4
2024-11-03 16:36:04.825265,mt,0.823676,comission error,f4
2024-11-03 16:36:05.627589,ct,,omission error,f6
2024-11-03 16:36:06.299566,click,,,f2
2024-11-03 16:36:06.439364,ct,0.671977,correct comission,f2
2024-11-03 16:36:07.325904,click,,,f4
2024-11-03 16:36:07.250988,mt,0.88654,comission error,f4
2024-11-03 16:36:08.055078,ct,,omission error,f6
2024-11-03 16:36:08.762022,click,,,f2
2024-11-03 16:36:08.857009,ct,0.706944,correct comission,f2
2024-11-03 16:36:09.692625,click,,,f2
2024-11-03 16:36:09.655249,ct,0.835616,correct comission,f2
2024-11-03 16:36:10.643033,click,,,f2
2024-11-03 16:36:10.459493,ct,0.987784,correct comission,f2
2024-11-03 16:36:11.260281,ct,,omission error,f6
2024-11-03 16:36:11.659710,click,,,f3
2024-11-03 16:36:12.063582,ct,0.399429,correct comission,f3
2024-11-03 16:36:12.475272,click,,,f3
2024-11-03 16:36:12.864384,ct,0.41169,correct comission,f3
2024-11-03 16:36:13.379994,click,,,f3
2024-11-03 16:36:13.662610,ct,0.51561,correct comission,f3
2024-11-03 16:36:14.318047,click,,,f4
2024-11-03 16:36:14.462334,mt,0.655437,comission error,f4
2024-11-03 16:36:15.266017,ct,,omission error,f6
2024-11-03 16:36:15.967059,click,,,f2
2024-11-03 16:36:16.065794,ct,0.701042,correct comission,f2
2024-11-03 16:36:16.849489,click,,,f2
2024-11-03 16:36:16.862056,ct,0.783695,correct comission,f2
2024-11-03 16:36:17.731385,click,,,f2
2024-11-03 16:36:17.666182,ct,0.869329,correct comission,f2
2024-11-03 16:36:18.514419,click,,,f2
2024-11-03 16:36:18.468544,ct,0.848237,correct comission,f2
2024-11-03 16:36:19.279977,ct,,omission error,f6
2024-11-03 16:36:19.872032,click,,,f2
2024-11-03 16:36:20.087608,ct,0.592055,correct comission,f2
2024-11-03 16:36:20.995820,click,,,f2
2024-11-03 16:36:20.888002,ct,0.908212,correct comission,f2
2024-11-03 16:36:21.730115,click,,,f2
2024-11-03 16:36:21.696952,ct,0.842113,correct comission,f2
2024-11-03 16:36:22.514427,click,,,f2
2024-11-03 16:36:22.501361,ct,0.817475,correct comission,f2
2024-11-03 16:36:23.477895,click,,,f2
2024-11-03 16:36:23.305243,ct,0.976534,correct comission,f2
2024-11-03 16:36:24.110085,ct,,omission error,f6
2024-11-03 16:36:24.510687,click,,,f3
2024-11-03 16:36:24.912837,ct,0.400602,correct comission,f3
2024-11-03 16:36:25.775989,click,,,f2
2024-11-03 16:36:25.711011,ct,0.863152,correct comission,f2
2024-11-03 16:36:26.527072,click,,,f2
2024-11-03 16:36:26.514781,ct,0.816061,correct comission,f2
2024-11-03 16:36:27.342949,click,,,f4
2024-11-03 16:36:27.320772,mt,0.828168,comission error,f4
2024-11-03 16:36:28.120781,ct,,omission error,f6
2024-11-03 16:36:28.756866,click,,,f2
2024-11-03 16:36:28.922239,ct,0.636085,correct comission,f2
2024-11-03 16:36:29.733674,click,,,f2
2024-11-03 16:36:29.718748,ct,0.811435,correct comission,f2
2024-11-03 16:36:30.711108,click,,,f2
2024-11-03 16:36:30.519588,ct,0.99236,correct comission,f2
2024-11-03 16:36:31.342366,click,,,f2
2024-11-03 16:36:31.330062,ct,0.822778,correct comission,f2
2024-11-03 16:36:32.157654,click,,,f4
2024-11-03 16:36:32.128357,mt,0.827592,comission error,f4
2024-11-03 16:36:32.933189,ct,,omission error,f6
2024-11-03 16:36:33.703088,click,,,f2
2024-11-03 16:36:33.733720,ct,0.769899,correct comission,f2
2024-11-03 16:36:34.529867,click,,,f2
2024-11-03 16:36:34.533813,ct,0.796147,correct comission,f2
2024-11-03 16:36:35.348017,click,,,f2
2024-11-03 16:36:35.336428,ct,0.814204,correct comission,f2
2024-11-03 16:36:36.214151,click,,,f2
2024-11-03 16:36:36.137140,ct,0.877723,correct comission,f2
2024-11-03 16:36:37.012945,click,,,f2
2024-11-03 16:36:36.938466,ct,0.875805,correct comission,f2
2024-11-03 16:36:37.986861,click,,,f4
2024-11-03 16:36:37.743503,mt,1.048395,comission error,f4
2024-11-03 16:36:38.541360,ct,,omission error,f6
2024-11-03 16:36:39.152363,click,,,f2
2024-11-03 16:36:39.339808,ct,0.611003,correct comission,f2
2024-11-03 16:36:40.024342,click,,,f2
2024-11-03 16:36:40.149139,ct,0.684534,correct comission,f2
2024-11-03 16:36:40.975281,click,,,f2
2024-11-03 16:36:40.952344,ct,0.826142,correct comission,f2
2024-11-03 16:36:41.846118,click,,,f2
2024-11-03 16:36:41.757153,ct,0.893774,correct comission,f2
2024-11-03 16:36:42.739303,click,,,f2
2024-11-03 16:36:42.557981,ct,0.98215,correct comission,f2
2024-11-03 16:36:43.363218,ct,,omission error,f6
2024-11-03 16:36:43.702437,click,,,f3
2024-11-03 16:36:44.161927,ct,0.339219,correct comission,f3
